{
  "version": 1,
  "author": "Fahmi Fahreza Ahmad",
  "editor": "wokwi",
  "parts": [
    { "type": "wokwi-breadboard", "id": "bb1", "top": -70.2, "left": -179.6, "attrs": {} },
    { "type": "wokwi-esp32-devkit-v1", "id": "esp", "top": 154.76, "left": 89.16, "attrs": {} },
    {
      "type": "wokwi-hc-sr04",
      "id": "ultrasonic1",
      "top": -113.7,
      "left": 178.3,
      "attrs": { "distance": "19" }
    },
    {
      "type": "wokwi-led",
      "id": "led1",
      "top": -61.2,
      "left": -34.6,
      "attrs": { "color": "red" }
    },
    {
      "type": "wokwi-pir-motion-sensor",
      "id": "pir1",
      "top": -111.2,
      "left": -160.98,
      "attrs": {}
    },
    {
      "type": "wokwi-buzzer",
      "id": "bz1",
      "top": -103.2,
      "left": 385.8,
      "attrs": { "volume": "0.1" }
    },
    {
      "type": "wokwi-lcd1602",
      "id": "lcd1",
      "top": 415.72,
      "left": -25.1,
      "attrs": { "pins": "i2c" }
    }
  ],
  "connections": [
    [ "esp:TX0", "$serialMonitor:RX", "", [] ],
    [ "esp:RX0", "$serialMonitor:TX", "", [] ],
    [ "bb1:4t.c", "esp:VIN", "blue", [ "v0" ] ],
    [ "bb1:5t.c", "esp:D14", "gray", [ "v0" ] ],
    [ "bb1:6t.c", "bb1:6b.f", "black", [ "v0" ] ],
    [ "bb1:15t.c", "bb1:15b.f", "black", [ "v0" ] ],
    [ "bb1:15b.h", "esp:GND.2", "black", [ "v0" ] ],
    [ "bb1:16t.c", "esp:D13", "red", [ "v0" ] ],
    [ "bb1:46t.c", "bb1:46b.f", "black", [ "v0" ] ],
    [ "bb1:60t.c", "bb1:60b.f", "black", [ "v0" ] ],
    [ "bb1:46b.h", "esp:GND.1", "black", [ "v0" ] ],
    [ "bb1:43t.c", "esp:3V3", "blue", [ "v0" ] ],
    [ "lcd1:SCL", "esp:D22", "white", [ "h-31.36", "v-87.84", "h252.66", "v-200.52" ] ],
    [ "lcd1:SDA", "esp:D21", "#8f4814", [ "h-25.34", "v-66.31", "h258.67", "v-181.47" ] ],
    [ "lcd1:GND", "esp:GND.1", "black", [ "h-16.32", "v-35.28", "h313.82", "v-110.29" ] ],
    [ "lcd1:VCC", "esp:3V3", "blue", [ "h-20.56", "v-50.32", "h291.44", "v-94.38" ] ],
    [ "bb1:44t.c", "esp:D2", "orange", [ "v0" ] ],
    [ "bb1:45t.c", "esp:D15", "limegreen", [ "v0" ] ],
    [ "ultrasonic1:VCC", "bb1:43t.a", "", [ "$bb" ] ],
    [ "ultrasonic1:TRIG", "bb1:44t.a", "", [ "$bb" ] ],
    [ "ultrasonic1:ECHO", "bb1:45t.a", "", [ "$bb" ] ],
    [ "ultrasonic1:GND", "bb1:46t.a", "", [ "$bb" ] ],
    [ "led1:A", "bb1:16t.a", "", [ "$bb" ] ],
    [ "led1:C", "bb1:15t.a", "", [ "$bb" ] ],
    [ "pir1:VCC", "bb1:4t.a", "", [ "$bb" ] ],
    [ "pir1:OUT", "bb1:5t.a", "", [ "$bb" ] ],
    [ "pir1:GND", "bb1:6t.a", "", [ "$bb" ] ],
    [ "bz1:1", "bb1:60t.a", "", [ "$bb" ] ],
    [ "bz1:2", "bb1:61t.a", "", [ "$bb" ] ],
    [ "bb1:61t.c", "esp:D4", "red", [ "v0" ] ],
    [ "bb1:6b.h", "esp:GND.2", "black", [ "v0" ] ],
    [ "bb1:60b.h", "esp:GND.1", "black", [ "v0" ] ]
  ],
  "dependencies": {}
}